{
  "@context": "https://schema.org",
  "@type": "Article",
  "headline": "ARTICLE_TITLE_HERE",
  "description": "Brief summary or meta description of the article",
  "image": [
    "https://www.yourwebsite.com/article-featured-image.jpg",
    "https://www.yourwebsite.com/article-image-2.jpg"
  ],
  "author": {
    "@type": "Person",
    "name": "AUTHOR_FULL_NAME",
    "url": "https://www.yourwebsite.com/author/author-name",
    "jobTitle": "Senior Content Writer",
    "image": "https://www.yourwebsite.com/author-photo.jpg"
  },
  "publisher": {
    "@type": "Organization",
    "name": "YOUR_COMPANY_NAME",
    "logo": {
      "@type": "ImageObject",
      "url": "https://www.yourwebsite.com/logo.png",
      "width": 600,
      "height": 60
    }
  },
  "datePublished": "YYYY-MM-DDTHH:MM:SS+00:00",
  "dateModified": "YYYY-MM-DDTHH:MM:SS+00:00",
  "mainEntityOfPage": {
    "@type": "WebPage",
    "@id": "https://www.yourwebsite.com/article-url"
  },
  "articleSection": "Category or Topic",
  "keywords": ["keyword1", "keyword2", "keyword3"],
  "wordCount": 1500,
  "articleBody": "The full text of your article goes here... (optional but helpful)",
  "inLanguage": "en-US"
}

<!-- 
INSTRUCTIONS:
1. Use the exact headline that appears on the page
2. Include high-resolution images (minimum 1200px wide)
3. Use ISO 8601 format for dates (YYYY-MM-DDTHH:MM:SS+00:00)
4. Publisher logo should be rectangular (600x60 recommended)
5. Update dateModified whenever you update the article
6. mainEntityOfPage should be the canonical URL of the article

REQUIRED FIELDS:
- @context, @type, headline, image, author, publisher, datePublished

RECOMMENDED FIELDS:
- description, dateModified, mainEntityOfPage

OPTIONAL BUT VALUABLE:
- articleSection, keywords, wordCount, articleBody, inLanguage

DATE FORMAT EXAMPLES:
- 2025-11-18T10:30:00+00:00 (UTC)
- 2025-11-18T10:30:00-05:00 (EST)
- 2025-11-18T10:30:00-08:00 (PST)

ARTICLE TYPE VARIATIONS:
Instead of "Article", you can use:
- NewsArticle (for news content)
- BlogPosting (for blog posts)
- ScholarlyArticle (for academic content)
- TechArticle (for technical documentation)
-->
